ParticipantID,SemanticCategory,Phase,FixationCount_mean,FixationCount_std,FixationDuration_mean,FixationDuration_std
Participant100,Argument,Post,18.0,27.730849247724095,2398.806666666667,3111.95427576199
Participant100,Argument,Pre,57.666666666666664,55.5007507456731,2879.596666666667,2278.099599059122
Participant100,Assignment,Post,76.0,98.99494936611666,2238.11,2292.0017784024517
Participant100,Assignment,Pre,93.0,36.76955262170047,2180.59,1938.2503979104456
Participant100,Code,Post,103.66666666666667,131.9254840178096,373.77,67.15735923932684
Participant100,Code,Pre,286.6666666666667,118.53410198475936,414.18333333333334,32.660694011813874
Participant100,ConditionalBody,Post,95.0,127.27922061357856,531.905,191.68957731186123
Participant100,ConditionalBody,Pre,158.0,53.74011537017761,892.9000000000001,130.093505602701
Participant100,ConditionalStatement,Post,311.0,,3002.93,
Participant100,ConditionalStatement,Pre,196.5,53.033008588991066,2223.2849999999994,1181.3986546674234
Participant100,ExceptionHandling,Post,4.0,,492.2,
Participant100,ExceptionHandling,Pre,82.0,,386.47,
Participant100,Gemini,Post,165.66666666666666,142.42307865417507,363.75,50.5795205592145
Participant100,Gemini,Pre,164.0,145.19297503667318,426.08666666666676,156.7859439915879
Participant100,IndexOperation,Post,24.0,,354.6,
Participant100,IndexOperation,Pre,62.0,,652.57,
Participant100,Literal,Post,3.5,3.5355339059327378,2313.575,2658.375014938637
Participant100,Literal,Pre,28.0,14.142135623730951,1200.0349999999999,570.9816547403252
Participant100,LoopBody,Post,26.0,,313.8,
Participant100,LoopBody,Pre,158.0,213.54624791833734,481.85,147.77117513236473
Participant100,LoopStatement,Post,117.5,154.8563850798539,312.565,96.96555290411126
Participant100,LoopStatement,Pre,136.0,130.10764773832474,496.895,48.571164799703965
Participant100,MethodCall,Post,111.66666666666667,184.79538233769082,2029.0600000000002,1892.770063134981
Participant100,MethodCall,Pre,141.33333333333334,139.60778392816545,2352.7833333333333,1854.2292403134338
Participant100,MethodDeclaration,Post,24.0,32.526911934581186,353.395,25.590194411141134
Participant100,MethodDeclaration,Pre,19.333333333333332,21.197484127446195,542.4333333333333,216.9741519935804
Participant100,Operator,Post,0.0,,0.0,
Participant100,Operator,Pre,3.0,,539.14,
Participant100,Parameter,Post,1.6666666666666667,2.886751345948129,172.39,298.58823871679874
Participant100,Parameter,Pre,3.6666666666666665,1.5275252316519468,998.6899999999999,701.1471494629354
Participant100,Return,Post,22.0,,467.86,
Participant100,Return,Pre,68.0,,505.68,
Participant100,Summary,Post,211.66666666666666,226.99412620888086,645.9133333333333,190.07593754427026
Participant100,Summary,Pre,193.33333333333334,165.89253549612573,429.3066666666667,219.19340919227778
Participant100,VariableName,Post,3.6666666666666665,4.618802153517007,1412.1666666666667,1281.2497763642082
Participant100,VariableName,Pre,16.0,7.54983443527075,1381.18,482.65981260096635
Participant110,Argument,Post,3.5,4.949747468305833,848.62,1200.129913301056
Participant110,Argument,Pre,5.0,5.656854249492381,1010.1099999999999,1098.1368311827082
Participant110,Assignment,Post,1.0,,336.27,
Participant110,Assignment,Pre,52.0,,533.8199999999999,
Participant110,Code,Post,29.0,39.1279950930277,348.1566666666667,20.513316000426023
Participant110,Code,Pre,106.0,122.64990827554662,376.69,51.84805589412201
Participant110,ConditionalBody,Post,8.333333333333334,11.015141094572204,816.96,443.88718172526677
Participant110,ConditionalBody,Pre,54.0,83.35466393669883,882.2733333333332,1104.688818144428
Participant110,ConditionalStatement,Post,5.0,6.244997998398398,627.1266666666667,651.9797513215678
Participant110,ConditionalStatement,Pre,26.0,33.28663395418648,625.7133333333333,196.5858134081229
Participant110,ExceptionHandling,Post,1.0,,467.17,
Participant110,ExceptionHandling,Pre,0.0,,0.0,
Participant110,ExternalVarOrMethod,Post,0.0,0.0,0.0,0.0
Participant110,ExternalVarOrMethod,Pre,0.0,0.0,0.0,0.0
Participant110,Gemini,Post,357.3333333333333,107.23960711105451,251.81666666666663,9.462348193410206
Participant110,Gemini,Pre,0.0,0.0,0.0,0.0
Participant110,Literal,Post,1.5,0.7071067811865476,293.66,245.38019520735574
Participant110,Literal,Pre,6.0,8.48528137423857,483.005,683.0722216940168
Participant110,LoopBody,Post,40.0,64.96922348312314,655.1566666666666,446.2188383891174
Participant110,LoopBody,Pre,170.66666666666666,272.4230778280969,681.0166666666667,450.035781281148
Participant110,LoopStatement,Post,0.3333333333333333,0.5773502691896258,395.01,684.1773894977822
Participant110,LoopStatement,Pre,15.666666666666666,26.27419519858474,339.34999999999997,426.2682747988642
Participant110,MethodCall,Post,7.333333333333333,9.451631252505218,1059.7433333333333,1147.3687390866692
Participant110,MethodCall,Pre,30.333333333333332,45.70922591045853,1607.1200000000001,2015.0139821847392
Participant110,MethodDeclaration,Post,0.0,0.0,0.0,0.0
Participant110,MethodDeclaration,Pre,0.3333333333333333,0.5773502691896258,77.86,134.8574758773128
Participant110,Operator,Post,0.0,,0.0,
Participant110,Operator,Pre,0.0,,0.0,
Participant110,Parameter,Post,0.0,0.0,0.0,0.0
Participant110,Parameter,Pre,0.0,0.0,0.0,0.0
Participant110,Summary,Post,246.33333333333334,75.79138033664074,342.9166666666667,17.67444860054574
Participant110,Summary,Pre,237.0,102.05880657738459,385.50333333333333,38.017654232387
Participant110,VariableName,Post,0.3333333333333333,0.5773502691896258,111.22666666666667,192.65023782319435
Participant110,VariableName,Pre,8.333333333333334,10.214368964029708,810.9466666666667,659.9000398040095
Participant120,Argument,Post,1.6666666666666667,2.886751345948129,115.36666666666667,199.8209281665295
Participant120,Argument,Pre,9.0,11.532562594670797,399.60999999999996,378.99999907651716
Participant120,Assignment,Post,3.0,,892.58,
Participant120,Assignment,Pre,23.0,,835.74,
Participant120,Code,Post,68.66666666666667,59.53430383680768,195.54999999999998,25.93413387796092
Participant120,Code,Pre,315.6666666666667,201.27178971066297,215.63333333333333,6.806660953311329
Participant120,ConditionalBody,Post,60.5,48.79036790187178,603.49,595.6808946071715
Participant120,ConditionalBody,Pre,265.5,159.0990257669732,800.76,848.4432846101147
Participant120,ConditionalStatement,Post,23.333333333333332,18.903262505010435,696.79,481.69362036464634
Participant120,ConditionalStatement,Pre,124.33333333333333,102.25621415509833,826.1966666666667,540.1595064731652
Participant120,ExceptionHandling,Post,13.0,,181.0,
Participant120,ExceptionHandling,Pre,83.0,,179.71,
Participant120,ExternalVarOrMethod,Post,0.0,,0.0,
Participant120,ExternalVarOrMethod,Pre,0.0,,0.0,
Participant120,Gemini,Post,442.3333333333333,40.07908847932214,195.6833333333333,3.1074802225168368
Participant120,Gemini,Pre,158.66666666666666,274.81872813426185,66.06666666666666,114.43082335338381
Participant120,IndexOperation,Post,1.0,,166.87,
Participant120,IndexOperation,Pre,17.0,,863.26,
Participant120,LoopBody,Post,25.5,31.81980515339464,195.085,0.6717514421272122
Participant120,LoopBody,Pre,109.0,125.86500705120545,219.98000000000002,34.45024237940861
Participant120,LoopStatement,Post,4.5,2.1213203435596424,180.04000000000002,32.37134844272014
Participant120,LoopStatement,Pre,26.0,4.242640687119285,241.91,9.234814562296313
Participant120,MethodCall,Post,6.666666666666667,5.859465277082315,427.62000000000006,375.7717215278446
Participant120,MethodCall,Pre,54.333333333333336,44.6579593503032,635.0566666666667,413.09701939536353
Participant120,MethodDeclaration,Post,7.0,2.8284271247461903,204.45499999999998,50.62177446514495
Participant120,MethodDeclaration,Pre,64.0,39.59797974644666,242.18,2.5880108191427516
Participant120,Parameter,Post,0.6666666666666666,1.1547005383792517,111.22666666666667,192.65023782319432
Participant120,Parameter,Pre,3.0,1.7320508075688772,171.28,53.7028751558052
Participant120,Return,Post,3.0,4.242640687119285,95.935,135.67257810626288
Participant120,Return,Pre,15.0,9.899494936611665,208.3,39.44241625458563
Participant120,Summary,Post,362.6666666666667,76.50054466037045,290.0733333333333,27.985714808332702
Participant120,Summary,Pre,512.3333333333334,173.24645258513473,291.33666666666664,11.401448738354869
Participant120,VariableName,Post,3.3333333333333335,3.055050463303893,554.2966666666666,486.7536851769417
Participant120,VariableName,Pre,29.333333333333332,18.556220879622373,1942.0666666666666,1920.7615270077995
Participant130,Argument,Post,0.0,0.0,0.0,0.0
Participant130,Argument,Pre,2.3333333333333335,2.516611478423583,408.77666666666664,404.68889240172297
Participant130,Assignment,Post,2.5,3.5355339059327378,565.77,800.1196071838259
Participant130,Assignment,Pre,20.0,0.0,445.06,21.241487706843863
Participant130,Code,Post,14.666666666666666,18.58314648635514,323.7,208.81107082719538
Participant130,Code,Pre,199.33333333333334,95.77229940506459,371.8666666666666,17.89193207379607
Participant130,ConditionalBody,Post,10.0,2.8284271247461903,1219.56,712.8202039785348
Participant130,ConditionalBody,Pre,96.0,79.19595949289332,996.2449999999999,340.2951384460259
Participant130,ConditionalStatement,Post,4.333333333333333,4.163331998932265,882.4900000000001,1078.7372594380895
Participant130,ConditionalStatement,Pre,45.0,26.057628441590765,898.5766666666667,461.32723313645096
Participant130,ExceptionHandling,Post,5.5,7.7781745930520225,627.585,887.5392185419189
Participant130,ExceptionHandling,Pre,63.5,81.31727983645297,731.755,275.70800505244677
Participant130,ExternalVarOrMethod,Post,0.0,0.0,0.0,0.0
Participant130,ExternalVarOrMethod,Pre,0.5,0.7071067811865476,150.15,212.34416639032023
Participant130,Gemini,Post,235.0,137.29166034395533,270.87,24.672715699736017
Participant130,Gemini,Pre,0.0,0.0,0.0,0.0
Participant130,IndexOperation,Post,0.0,,0.0,
Participant130,IndexOperation,Pre,0.0,,0.0,
Participant130,Literal,Post,0.3333333333333333,0.5773502691896258,72.50333333333333,125.5794570514355
Participant130,Literal,Pre,6.333333333333333,9.291573243177568,319.2966666666666,283.35498801562204
Participant130,LoopBody,Post,14.5,16.263455967290593,494.69000000000005,140.89809721923152
Participant130,LoopBody,Pre,134.5,60.10407640085654,540.79,208.79449034876384
Participant130,LoopStatement,Post,2.0,0.0,967.675,118.00905071222283
Participant130,LoopStatement,Pre,41.5,17.67766952966369,646.175,290.1754097955234
Participant130,MethodCall,Post,1.5,2.1213203435596424,375.56,531.1220454848395
Participant130,MethodCall,Pre,33.0,42.42640687119285,1368.0500000000002,1565.1525758851756
Participant130,MethodDeclaration,Post,2.6666666666666665,4.618802153517007,149.44333333333333,258.8434461857849
Participant130,MethodDeclaration,Pre,20.666666666666668,15.17673658377628,490.18666666666667,75.96395351305337
Participant130,Parameter,Post,1.0,0.0,216.89333333333335,92.88827177493042
Participant130,Parameter,Pre,26.666666666666668,14.364307617610162,898.54,99.10432432542997
Participant130,Summary,Post,163.33333333333334,96.50043177796321,367.7866666666667,74.44923796341594
Participant130,Summary,Pre,176.33333333333334,59.74389787529212,370.56666666666666,17.303341681112737
Participant130,VariableName,Post,4.333333333333333,5.131601439446884,1673.0533333333333,1865.1867964719602
Participant130,VariableName,Pre,50.0,40.92676385936225,3250.773333333333,1879.685272760664
Participant150,Argument,Post,1.6666666666666667,1.5275252316519468,424.52,592.3092796841867
Participant150,Argument,Pre,13.0,14.422205101855956,874.57,831.4939276386809
Participant150,Assignment,Post,4.0,4.242640687119285,638.9449999999999,526.0238055924846
Participant150,Assignment,Pre,42.5,7.7781745930520225,755.77,172.08150626955816
Participant150,Code,Post,32.0,9.848857801796104,327.6466666666667,42.40759405263795
Participant150,Code,Pre,179.66666666666666,50.362022728771855,342.25333333333333,46.66738618492933
Participant150,ConditionalBody,Post,12.666666666666666,4.509249752822894,869.9933333333333,564.4964228702723
Participant150,ConditionalBody,Pre,68.0,55.380501984001555,611.2399999999999,321.9015891542011
Participant150,ConditionalStatement,Post,4.666666666666667,2.081665999466133,716.9533333333333,237.60453790559922
Participant150,ConditionalStatement,Pre,38.0,20.8806130178211,710.2366666666667,371.44788764150127
Participant150,ExceptionHandling,Post,8.0,,948.79,
Participant150,ExceptionHandling,Pre,76.0,,937.57,
Participant150,ExternalVarOrMethod,Post,5.0,,1376.36,
Participant150,ExternalVarOrMethod,Pre,20.0,,1031.21,
Participant150,Gemini,Post,268.0,149.0771612286738,241.45000000000002,11.110135012680978
Participant150,Gemini,Pre,0.0,0.0,0.0,0.0
Participant150,IndexOperation,Post,1.0,,200.25,
Participant150,IndexOperation,Pre,8.0,,133.6,
Participant150,Literal,Post,1.5,2.1213203435596424,86.19,121.89106694093707
Participant150,Literal,Pre,9.5,2.1213203435596424,1805.8850000000002,1166.549412262507
Participant150,LoopBody,Post,19.0,,272.68,
Participant150,LoopBody,Pre,108.0,,336.02,
Participant150,LoopStatement,Post,1.0,,751.0,
Participant150,LoopStatement,Pre,31.0,,518.82,
Participant150,MethodCall,Post,2.3333333333333335,2.516611478423583,498.66333333333336,544.0925208393636
Participant150,MethodCall,Pre,11.666666666666666,11.718930554164631,1251.6200000000001,663.0132436083009
Participant150,MethodDeclaration,Post,2.6666666666666665,0.5773502691896258,450.4433333333333,151.7572025748146
Participant150,MethodDeclaration,Pre,29.333333333333332,7.637626158259733,367.6766666666667,13.087361587934126
Participant150,Parameter,Post,0.3333333333333333,0.5773502691896258,33.51,58.041022561633085
Participant150,Parameter,Pre,5.333333333333333,2.516611478423583,1123.83,1299.8542771018604
Participant150,Summary,Post,132.66666666666666,58.62024678669762,415.03,46.15631809405944
Participant150,Summary,Pre,114.0,49.68903299521938,427.81666666666666,38.37697399917474
Participant150,VariableName,Post,1.3333333333333333,0.5773502691896257,756.5133333333333,656.0871482000949
Participant150,VariableName,Pre,16.0,9.539392014169456,1167.7733333333333,1027.232786681448
Participant160,Argument,Post,0.3333333333333333,0.5773502691896258,72.00666666666667,124.71920515034296
Participant160,Argument,Pre,6.0,5.291502622129181,676.66,643.8496095362642
Participant160,Assignment,Post,0.0,0.0,0.0,0.0
Participant160,Assignment,Pre,0.5,0.7071067811865476,75.09,106.19329639859572
Participant160,Code,Post,4.666666666666667,0.5773502691896257,222.93999999999997,116.99482082553912
Participant160,Code,Pre,69.66666666666667,47.035447625523176,195.42,20.58542445518189
Participant160,ConditionalBody,Post,1.5,0.7071067811865476,150.175,70.77431772896155
Participant160,ConditionalBody,Pre,83.0,35.35533905932738,409.495,42.8011734652217
Participant160,ConditionalStatement,Post,0.6666666666666666,1.1547005383792517,61.169999999999995,105.94954789898821
Participant160,ConditionalStatement,Pre,6.666666666666667,3.0550504633038935,408.48333333333335,133.41582977043367
Participant160,ExceptionHandling,Post,1.0,,333.68,
Participant160,ExceptionHandling,Pre,74.0,,226.4,
Participant160,ExternalVarOrMethod,Post,0.0,0.0,0.0,0.0
Participant160,ExternalVarOrMethod,Pre,4.0,1.4142135623730951,340.32,297.26769081082455
Participant160,Gemini,Post,92.66666666666667,53.612809414666316,252.04666666666665,55.570019195005976
Participant160,Gemini,Pre,0.0,0.0,0.0,0.0
Participant160,IndexOperation,Post,0.0,,0.0,
Participant160,IndexOperation,Pre,9.0,,537.45,
Participant160,Literal,Post,0.5,0.7071067811865476,75.08,106.17915426297196
Participant160,Literal,Pre,2.5,0.7071067811865476,842.5500000000001,719.6225712135495
Participant160,LoopBody,Post,3.5,3.5355339059327378,342.03999999999996,11.822825381439074
Participant160,LoopBody,Pre,148.5,81.31727983645297,392.525,222.15173744537768
Participant160,LoopStatement,Post,0.0,0.0,0.0,0.0
Participant160,LoopStatement,Pre,2.0,2.8284271247461903,333.675,471.8877104248425
Participant160,MethodCall,Post,0.0,0.0,0.0,0.0
Participant160,MethodCall,Pre,7.0,6.244997998398398,415.7166666666667,373.1222858974432
Participant160,MethodDeclaration,Post,0.0,0.0,0.0,0.0
Participant160,MethodDeclaration,Pre,0.0,0.0,0.0,0.0
Participant160,Parameter,Post,0.3333333333333333,0.5773502691896258,72.00666666666667,124.71920515034296
Participant160,Parameter,Pre,0.0,0.0,0.0,0.0
Participant160,Return,Post,3.0,,194.34,
Participant160,Return,Pre,10.0,,231.9,
Participant160,Summary,Post,58.666666666666664,27.501515109777742,295.02000000000004,111.81541217560304
Participant160,Summary,Pre,363.6666666666667,88.94005471852002,231.05666666666664,64.9117218484715
Participant160,VariableName,Post,0.3333333333333333,0.5773502691896258,72.00666666666667,124.71920515034296
Participant160,VariableName,Pre,1.3333333333333333,1.5275252316519468,153.84,138.0492839532317
Participant170,Argument,Post,1.0,1.0,94.52666666666666,91.87596058454753
Participant170,Argument,Pre,21.333333333333332,9.451631252505218,696.9866666666667,104.19826502074467
Participant170,Assignment,Post,0.0,,0.0,
Participant170,Assignment,Pre,71.0,,276.39,
Participant170,Code,Post,13.0,1.7320508075688772,213.29,55.29035268471345
Participant170,Code,Pre,221.66666666666666,101.10555540292201,249.71333333333334,8.997445933893326
Participant170,ConditionalBody,Post,4.0,1.7320508075688772,269.16333333333336,67.57206992044368
Participant170,ConditionalBody,Pre,121.33333333333333,104.35196851681013,419.58666666666676,154.0893770943777
Participant170,ConditionalStatement,Post,2.6666666666666665,1.1547005383792515,223.84,119.03638897412841
Participant170,ConditionalStatement,Pre,51.666666666666664,24.583192089989726,526.5933333333334,246.4073782039274
Participant170,ExceptionHandling,Post,5.0,,256.92,
Participant170,ExceptionHandling,Pre,89.0,,252.39,
Participant170,ExternalVarOrMethod,Post,0.0,,0.0,
Participant170,ExternalVarOrMethod,Pre,0.0,,0.0,
Participant170,Gemini,Post,96.66666666666667,11.590225767142474,250.46666666666667,11.7712545352368
Participant170,Gemini,Pre,0.0,0.0,0.0,0.0
Participant170,IndexOperation,Post,0.0,,0.0,
Participant170,IndexOperation,Pre,21.0,,264.56,
Participant170,Literal,Post,1.0,0.0,300.3,165.18014408517752
Participant170,Literal,Pre,10.5,6.363961030678928,371.495,92.79362289511064
Participant170,LoopBody,Post,8.666666666666666,4.725815626252608,300.82666666666665,83.874401537855
Participant170,LoopBody,Pre,236.33333333333334,201.69614109678284,418.99666666666667,289.04656672123497
Participant170,LoopStatement,Post,1.6666666666666667,1.5275252316519465,129.76999999999998,136.728582600713
Participant170,LoopStatement,Pre,54.666666666666664,66.52317891782783,450.86666666666673,365.7463400135856
Participant170,MethodCall,Post,2.6666666666666665,0.5773502691896257,450.43666666666667,383.0843908766492
Participant170,MethodCall,Pre,31.333333333333332,15.01110699893027,1194.29,358.0357254520839
Participant170,MethodDeclaration,Post,0.6666666666666666,0.5773502691896258,261.3966666666667,244.2757647277628
Participant170,MethodDeclaration,Pre,18.0,15.874507866387544,330.44666666666666,63.48614835799488
Participant170,Parameter,Post,0.3333333333333333,0.5773502691896258,55.60333333333333,96.30779840352147
Participant170,Parameter,Pre,8.333333333333334,11.015141094572204,314.09,148.41276528654802
Participant170,Return,Post,3.0,,759.12,
Participant170,Return,Pre,26.0,,483.64,
Participant170,Summary,Post,49.333333333333336,49.32882862316247,301.7,78.37798670545193
Participant170,Summary,Pre,177.66666666666666,61.50067750304327,285.0133333333333,21.467166402050673
Participant170,VariableName,Post,2.3333333333333335,2.516611478423583,286.41333333333336,272.3861261763039
Participant170,VariableName,Pre,40.0,42.50882261366456,2224.983333333333,1939.0859001172005
participant 290,Argument,Post,4.333333333333333,6.658328118479393,477.1666666666667,700.5344886108987
participant 290,Argument,Pre,19.0,15.394804318340652,1111.3500000000001,814.7280160274347
participant 290,Assignment,Post,32.5,44.54772721475249,1476.435,1875.7492295213665
participant 290,Assignment,Pre,111.5,61.518289963229634,1966.305,1991.4318989234857
participant 290,Code,Post,65.33333333333333,107.09964207845577,224.26666666666665,80.23071814045623
participant 290,Code,Pre,210.66666666666666,108.02468853615517,247.42,36.464233160728895
participant 290,ConditionalBody,Post,50.5,71.4177848998413,446.325,631.1988682261716
participant 290,ConditionalBody,Pre,151.5,98.2878425849301,531.525,136.39382702307316
participant 290,ConditionalStatement,Post,3.5,4.949747468305833,538.64,761.7519932366439
participant 290,ConditionalStatement,Pre,109.0,33.94112549695428,1287.9099999999999,667.7209334744567
participant 290,ExceptionHandling,Post,0.0,,0.0,
participant 290,ExceptionHandling,Pre,11.0,,195.66,
participant 290,ExternalVarOrMethod,Post,0.0,,0.0,
participant 290,ExternalVarOrMethod,Pre,1.0,,183.55,
participant 290,Gemini,Post,225.33333333333334,109.1344736246679,216.5,21.3477024524889
participant 290,Gemini,Pre,0.0,0.0,0.0,0.0
participant 290,IndexOperation,Post,1.0,,250.31,
participant 290,IndexOperation,Pre,2.0,,300.15,
participant 290,Literal,Post,0.0,0.0,0.0,0.0
participant 290,Literal,Pre,7.0,3.4641016151377544,524.5266666666666,227.68905580491418
participant 290,LoopBody,Post,62.5,84.14570696119915,229.005,127.24386527451924
participant 290,LoopBody,Pre,201.0,67.88225099390856,274.425,40.170736239207756
participant 290,LoopStatement,Post,0.5,0.7071067811865476,50.015,70.73189132209035
participant 290,LoopStatement,Pre,27.5,7.7781745930520225,285.70500000000004,9.39744912196925
participant 290,MethodCall,Post,7.333333333333333,11.846237095944574,489.24333333333334,721.2945512294774
participant 290,MethodCall,Pre,44.0,36.345563690772494,1667.9733333333334,1473.0057037680922
participant 290,MethodDeclaration,Post,0.3333333333333333,0.5773502691896258,228.01999999999998,394.9422251418553
participant 290,MethodDeclaration,Pre,19.666666666666668,13.428824718989123,269.21333333333337,42.54835406138917
participant 290,Parameter,Post,0.3333333333333333,0.5773502691896258,50.06,86.706463426898
participant 290,Parameter,Pre,10.333333333333334,17.03917055884274,209.49666666666667,182.46635479817462
participant 290,Return,Post,1.0,,150.13,
participant 290,Return,Pre,47.0,,233.95,
participant 290,Summary,Post,122.33333333333333,105.36761045659777,258.4633333333333,21.56078461775762
participant 290,Summary,Pre,127.0,44.64302857109943,363.35999999999996,3.668841779090503
participant 290,VariableName,Post,10.666666666666666,17.616280348965084,2278.05,3816.4202447974726
participant 290,VariableName,Pre,49.0,63.92964883369844,2996.0866666666666,3869.3467659843222
participant 310,Argument,Post,0.6666666666666666,1.1547005383792517,161.16,279.1373081478003
participant 310,Argument,Pre,2.6666666666666665,3.055050463303893,479.67333333333335,438.83460623945024
participant 310,Assignment,Post,1.0,,116.8,
participant 310,Assignment,Pre,6.0,,1320.14,
participant 310,Code,Post,25.333333333333332,2.309401076758503,334.3533333333333,58.59499665784899
participant 310,Code,Pre,80.66666666666667,45.883911486852696,366.5,73.28882929887747
participant 310,ConditionalBody,Post,7.5,10.606601717798213,129.665,183.37400156510736
participant 310,ConditionalBody,Pre,29.0,38.18376618407357,335.23,86.60643855972836
participant 310,ConditionalStatement,Post,11.0,15.620499351813308,731.7566666666667,587.1178640046079
participant 310,ConditionalStatement,Pre,64.66666666666667,80.90323438116262,1216.3766666666666,1309.833138775063
participant 310,ExceptionHandling,Post,10.0,,225.43,
participant 310,ExceptionHandling,Pre,23.0,,265.32,
participant 310,ExternalVarOrMethod,Post,2.0,,743.3,
participant 310,ExternalVarOrMethod,Pre,11.0,,424.13,
participant 310,Gemini,Post,119.0,77.87168933572714,242.53333333333333,23.424633045862922
participant 310,Gemini,Pre,0.0,0.0,0.0,0.0
participant 310,IndexOperation,Post,1.0,,116.8,
participant 310,IndexOperation,Pre,6.0,,1320.14,
participant 310,LoopBody,Post,8.5,10.606601717798213,268.51,2.2203152929257497
participant 310,LoopBody,Pre,34.5,41.71930009000631,365.745,77.9868068970643
participant 310,LoopStatement,Post,2.5,2.1213203435596424,556.82,463.0418045921988
participant 310,LoopStatement,Pre,16.0,11.313708498984761,574.005,72.45723186818554
participant 310,MethodCall,Post,3.0,5.196152422706632,426.2966666666667,738.3674857639205
participant 310,MethodCall,Pre,16.333333333333332,23.180451534284945,1055.5133333333333,912.3170173428387
participant 310,MethodDeclaration,Post,3.0,2.0,528.8233333333334,186.2569478793565
participant 310,MethodDeclaration,Pre,17.333333333333332,6.3508529610858835,436.5933333333333,81.84695860771697
participant 310,Parameter,Post,0.0,0.0,0.0,0.0
participant 310,Parameter,Pre,4.0,2.6457513110645907,502.56333333333333,179.79185780600116
participant 310,Return,Post,1.0,1.4142135623730951,412.9,583.9287799038509
participant 310,Return,Pre,4.0,4.242640687119285,251.89,169.30964768730695
participant 310,Summary,Post,58.333333333333336,25.423086620891123,337.59999999999997,118.53893579748387
participant 310,Summary,Pre,70.66666666666667,9.073771725877469,358.3533333333333,47.817566158613
participant 310,VariableName,Post,1.3333333333333333,1.1547005383792517,461.57666666666665,634.031911999178
participant 310,VariableName,Pre,12.0,11.532562594670797,1863.3099999999997,2222.5543720908154
participant180,Argument,Post,7.666666666666667,6.658328118479393,248.41666666666666,259.20081179142426
participant180,Argument,Pre,10.666666666666666,7.637626158259733,383.24333333333334,157.06761548242
participant180,Assignment,Post,7.0,,331.47,
participant180,Assignment,Pre,34.0,,284.64,
participant180,Code,Post,75.33333333333333,44.37717130838032,276.31666666666666,44.66773481309897
participant180,Code,Pre,188.0,80.31811750782012,259.26666666666665,22.002573334347378
participant180,ConditionalBody,Post,40.5,45.96194077712559,248.29,44.066894603545634
participant180,ConditionalBody,Pre,87.0,107.48023074035522,254.565,3.882016228714152
participant180,ConditionalStatement,Post,15.0,14.933184523068078,326.29333333333335,112.31200173326684
participant180,ConditionalStatement,Pre,28.666666666666668,7.023769168568493,481.2733333333333,362.41550550898523
participant180,ExceptionHandling,Post,76.0,,219.1,
participant180,ExceptionHandling,Pre,156.0,,262.66,
participant180,ExternalVarOrMethod,Post,8.5,4.949747468305833,325.475,120.11622892015886
participant180,ExternalVarOrMethod,Pre,11.0,12.727922061357855,209.79,84.28712831743645
participant180,Gemini,Post,175.66666666666666,62.77207447052657,399.41333333333336,67.62102064693588
participant180,Gemini,Pre,98.66666666666667,93.92727683337431,291.19666666666666,252.75437609136134
participant180,IndexOperation,Post,4.0,,379.62,
participant180,IndexOperation,Pre,8.0,,427.66,
participant180,Literal,Post,10.0,2.8284271247461903,341.57,191.06025227660515
participant180,Literal,Pre,11.0,4.242640687119285,337.54999999999995,214.66347663261206
participant180,LoopBody,Post,73.0,32.96968304366907,603.16,406.8906906037542
participant180,LoopBody,Pre,194.66666666666666,86.43109008530053,573.2833333333333,364.05752311047405
participant180,LoopStatement,Post,14.666666666666666,6.429100507328636,605.9333333333334,332.4144042205954
participant180,LoopStatement,Pre,35.333333333333336,28.00595174839329,701.3433333333332,610.4175205818829
participant180,MethodCall,Post,11.0,9.539392014169456,655.7333333333332,324.02000329197784
participant180,MethodCall,Pre,15.333333333333334,14.977761292440647,1033.54,734.4909014412636
participant180,MethodDeclaration,Post,1.3333333333333333,2.3094010767585034,68.12333333333333,117.99307451428382
participant180,MethodDeclaration,Pre,6.333333333333333,1.5275252316519468,299.31333333333333,66.41882890666874
participant180,Parameter,Post,1.0,1.0,152.92,146.48260920669048
participant180,Parameter,Pre,5.0,5.0,197.44000000000003,183.85488870302035
participant180,Return,Post,22.0,,564.45,
participant180,Return,Pre,35.0,,593.1,
participant180,Summary,Post,30.333333333333332,21.455380055672126,174.92333333333332,31.857497286091597
participant180,Summary,Pre,234.66666666666666,113.7951375645433,371.49333333333334,63.60367311196213
participant180,VariableName,Post,12.666666666666666,8.32666399786453,1290.8300000000002,279.9558402677107
participant180,VariableName,Pre,20.0,14.106735979665885,1975.2866666666666,1742.7451612422665
participant210,Argument,Post,8.0,,1181.74,
participant210,Assignment,Post,13.0,,602.72,
participant210,Code,Post,22.0,,269.2,
participant210,ConditionalBody,Post,13.0,,286.2,
participant210,ConditionalStatement,Post,4.0,,250.26,
participant210,ExternalVarOrMethod,Post,1.0,,116.68,
participant210,Gemini,Post,369.0,,283.45,
participant210,Literal,Post,0.0,,0.0,
participant210,LoopStatement,Post,0.0,,0.0,
participant210,MethodCall,Post,8.0,,1543.32,
participant210,MethodDeclaration,Post,0.0,,0.0,
participant210,Parameter,Post,0.0,,0.0,
participant210,Summary,Post,394.0,,358.45,
participant210,VariableName,Post,1.0,,317.08,
participant220,Argument,Post,4.0,5.656854249492381,749.385,1059.7904304389617
participant220,Argument,Pre,35.5,19.091883092036785,1920.26,946.0098782782345
participant220,Assignment,Post,4.0,,709.0500000000001,
participant220,Assignment,Pre,70.0,,1177.82,
participant220,Code,Post,15.333333333333334,6.8068592855540455,568.92,223.41446305017945
participant220,Code,Pre,150.66666666666666,93.07165698177579,400.9266666666667,31.582212293209178
participant220,ConditionalBody,Post,4.666666666666667,2.516611478423583,620.2766666666666,279.64431235648857
participant220,ConditionalBody,Pre,80.0,72.38093671679029,802.8166666666666,234.56961702942974
participant220,ConditionalStatement,Post,4.666666666666667,2.0816659994661326,573.5366666666667,461.545313304483
participant220,ConditionalStatement,Pre,53.333333333333336,30.550504633038933,790.4599999999999,285.980037240364
participant220,ExceptionHandling,Post,5.0,,420.42,
participant220,ExceptionHandling,Pre,27.0,,545.61,
participant220,ExternalVarOrMethod,Post,0.0,0.0,0.0,0.0
participant220,ExternalVarOrMethod,Pre,6.5,0.7071067811865476,928.495,55.500811255332124
participant220,Gemini,Post,150.33333333333334,26.558112382722786,361.18666666666667,20.06026005148817
participant220,Gemini,Pre,0.0,0.0,0.0,0.0
participant220,Literal,Post,0.0,0.0,0.0,0.0
participant220,Literal,Pre,12.0,16.97056274847714,593.035,838.6781399619284
participant220,LoopBody,Post,14.333333333333334,9.291573243177568,536.08,180.3408783387727
participant220,LoopBody,Pre,203.66666666666666,220.7019105792547,566.4499999999999,237.13078501114106
participant220,LoopStatement,Post,2.0,1.0,280.9633333333333,105.59337210892231
participant220,LoopStatement,Pre,33.333333333333336,21.385353243127255,728.8566666666667,506.78599451181884
participant220,MethodCall,Post,4.333333333333333,2.3094010767585034,1289.16,1033.8056370033971
participant220,MethodCall,Pre,27.666666666666668,16.165807537309522,2340.15,2172.679378302284
participant220,MethodDeclaration,Post,0.6666666666666666,1.1547005383792517,83.43333333333334,144.51077237816332
participant220,MethodDeclaration,Pre,11.333333333333334,15.307950004273378,341.50333333333333,178.85102301450033
participant220,Operator,Post,0.0,,0.0,
participant220,Operator,Pre,0.0,,0.0,
participant220,Parameter,Post,0.5,0.7071067811865476,141.805,200.54255421231676
participant220,Parameter,Pre,0.5,0.7071067811865476,166.845,235.95446181413902
participant220,Summary,Post,124.33333333333333,56.57148869645674,363.9866666666667,67.89437188260405
participant220,Summary,Pre,141.33333333333334,59.50070027599116,381.99666666666667,6.035804282225628
participant220,VariableName,Post,2.0,1.7320508075688772,453.43666666666667,438.0905838218088
participant220,VariableName,Pre,44.666666666666664,50.01333155602947,3733.986666666666,4054.5700177248546
participant230,Argument,Post,1.3333333333333333,0.5773502691896257,428.21000000000004,410.18778102230203
participant230,Argument,Pre,3.0,4.358898943540674,215.49999999999997,278.3016169554176
participant230,Assignment,Post,1.0,,283.63,
participant230,Assignment,Pre,1.0,,133.5,
participant230,Code,Post,24.333333333333332,6.6583281184793925,275.0366666666667,31.82083332242151
participant230,Code,Pre,87.33333333333333,25.774664562964407,272.69,27.147751288090138
participant230,ConditionalBody,Post,9.666666666666666,8.504900548115383,134.49333333333334,116.49393517833164
participant230,ConditionalBody,Pre,30.333333333333332,28.5014619508076,207.27,91.963811904466
participant230,ConditionalStatement,Post,4.666666666666667,3.0550504633038935,563.1366666666667,326.77534566324516
participant230,ConditionalStatement,Pre,21.666666666666668,16.56301099840646,713.5233333333334,616.268179961722
participant230,ExceptionHandling,Post,6.0,,271.12,
participant230,ExceptionHandling,Pre,15.0,,138.97,
participant230,ExternalVarOrMethod,Post,3.0,,166.82,
participant230,ExternalVarOrMethod,Pre,8.0,,417.17,
participant230,Gemini,Post,183.66666666666666,44.73626418615364,242.59666666666666,8.54097379303634
participant230,Gemini,Pre,0.0,0.0,0.0,0.0
participant230,IndexOperation,Post,0.0,,0.0,
participant230,IndexOperation,Pre,1.0,,133.5,
participant230,LoopBody,Post,7.0,4.242640687119285,197.51,30.334880912902904
participant230,LoopBody,Pre,24.0,21.213203435596427,251.035,94.19369432185998
participant230,LoopStatement,Post,2.0,1.4142135623730951,458.85,82.61835631383622
participant230,LoopStatement,Pre,19.0,7.0710678118654755,338.20000000000005,6.406387437550142
participant230,MethodCall,Post,0.6666666666666666,1.1547005383792517,100.07666666666667,173.33787131880135
participant230,MethodCall,Pre,6.333333333333333,7.767453465154029,922.62,1118.8909580026107
participant230,MethodDeclaration,Post,3.6666666666666665,1.5275252316519468,423.07666666666665,140.6691815336015
participant230,MethodDeclaration,Pre,20.0,7.810249675906654,377.6333333333334,52.437912175575136
participant230,Parameter,Post,0.6666666666666666,1.1547005383792517,136.24,235.97460202318385
participant230,Parameter,Pre,4.333333333333333,2.5166114784235836,418.98333333333335,130.46275419955433
participant230,Return,Post,1.0,1.4142135623730951,458.805,648.8482534845879
participant230,Return,Pre,2.0,0.0,156.415,50.14094185393809
participant230,Summary,Post,122.0,91.9945650568554,259.69666666666666,18.58032382207945
participant230,Summary,Pre,85.0,39.736632972611055,269.95,49.19482391471687
participant230,VariableName,Post,1.0,1.0,356.0833333333333,336.1113777207391
participant230,VariableName,Pre,7.0,3.605551275463989,973.1766666666666,146.6487096204169
participant240_,Argument,Post,6.333333333333333,7.094598884597588,298.58,319.4566017474048
participant240_,Argument,Pre,15.666666666666666,13.79613472438325,310.49333333333334,274.78539013807364
participant240_,Assignment,Post,1.5,2.1213203435596424,464.38,656.7324940948179
participant240_,Assignment,Pre,22.0,18.384776310850235,382.52,53.329993437089406
participant240_,Code,Post,108.33333333333333,68.85734044626858,341.1433333333334,30.581393580628948
participant240_,Code,Pre,339.3333333333333,85.12539769853255,320.48333333333335,14.189786232827245
participant240_,ConditionalBody,Post,61.666666666666664,39.14502948438452,518.1133333333333,293.6493257838903
participant240_,ConditionalBody,Pre,107.0,149.36867141405523,484.44000000000005,157.01285042951102
participant240_,ConditionalStatement,Post,35.666666666666664,26.312227829154512,947.2366666666667,513.5740469818675
participant240_,ConditionalStatement,Pre,43.333333333333336,34.004901607464376,788.4499999999999,476.04860130032944
participant240_,ExceptionHandling,Post,29.0,16.97056274847714,851.865,566.2581814419991
participant240_,ExceptionHandling,Pre,70.5,41.71930009000631,770.5150000000001,433.6473756982741
participant240_,ExternalVarOrMethod,Post,11.666666666666666,10.692676621563626,670.4,220.65160978338682
participant240_,ExternalVarOrMethod,Pre,6.0,1.0,1151.1633333333332,474.1482022884125
participant240_,Gemini,Post,302.6666666666667,184.79538233769082,338.0133333333333,70.27116146281722
participant240_,Gemini,Pre,0.0,0.0,0.0,0.0
participant240_,IndexOperation,Post,5.0,,193.53,
participant240_,IndexOperation,Pre,6.0,,344.78,
participant240_,Literal,Post,2.0,1.4142135623730951,386.38,161.02235621180063
participant240_,Literal,Pre,8.0,5.656854249492381,582.595,98.25248724587081
participant240_,LoopBody,Post,94.5,51.61879502661797,317.15999999999997,82.01024448201578
participant240_,LoopBody,Pre,156.5,41.71930009000631,334.12,9.234814562296293
participant240_,LoopStatement,Post,14.5,19.091883092036785,524.0450000000001,33.665353852291574
participant240_,LoopStatement,Pre,73.0,84.8528137423857,644.8699999999999,153.3714608393621
participant240_,MethodCall,Post,13.0,15.556349186104045,858.775,766.1855527546835
participant240_,MethodCall,Pre,37.5,48.79036790187178,1578.225,1673.5732586445088
participant240_,MethodDeclaration,Post,4.333333333333333,0.5773502691896257,472.97666666666663,176.15133616675558
participant240_,MethodDeclaration,Pre,39.0,21.93171219946131,397.67333333333335,89.20742140278092
participant240_,Parameter,Post,0.6666666666666666,0.5773502691896258,100.09333333333332,86.68337172337803
participant240_,Parameter,Pre,17.333333333333332,11.846237095944574,373.6266666666667,220.35624890920005
participant240_,Summary,Post,99.66666666666667,65.04101270224298,318.4266666666667,91.88426270767663
participant240_,Summary,Pre,214.33333333333334,131.03180275541254,377.1033333333333,63.829233375729416
participant240_,VariableName,Post,19.0,10.44030650891055,1801.8433333333332,837.5588329385185
participant240_,VariableName,Pre,41.0,58.02585630561603,3196.026666666667,2021.7194595772519
participant250,Argument,Post,0.0,0.0,0.0,0.0
participant250,Argument,Pre,8.0,9.899494936611665,465.74,352.0401820815346
participant250,Code,Post,4.0,6.082762530298219,126.72666666666667,110.08651340347433
participant250,Code,Pre,68.0,66.56575696257048,247.54333333333332,40.33226045405007
participant250,ConditionalBody,Post,0.5,0.7071067811865476,133.445,188.71972883087764
participant250,ConditionalBody,Pre,30.5,21.920310216782973,506.93000000000006,350.7249634685276
participant250,ConditionalStatement,Post,0.3333333333333333,0.5773502691896258,55.626666666666665,96.34821292236474
participant250,ConditionalStatement,Pre,15.0,20.223748416156685,442.4766666666667,477.87417385053703
participant250,ExceptionHandling,Post,1.0,,266.89,
participant250,ExceptionHandling,Pre,14.0,,271.12,
participant250,ExternalVarOrMethod,Post,0.0,,0.0,
participant250,ExternalVarOrMethod,Pre,2.0,,467.24,
participant250,Gemini,Post,191.0,88.7637313321156,243.99,23.259800085125402
participant250,Gemini,Pre,0.0,0.0,0.0,0.0
participant250,IndexOperation,Post,0.0,0.0,0.0,0.0
participant250,IndexOperation,Pre,16.5,23.33452377915607,840.325,1188.3990118011711
participant250,Literal,Post,0.0,0.0,0.0,0.0
participant250,Literal,Pre,9.0,12.727922061357855,767.41,1085.2816299007368
participant250,LoopStatement,Post,1.0,,181.47,
participant250,LoopStatement,Pre,2.0,,216.89,
participant250,MethodCall,Post,0.0,0.0,0.0,0.0
participant250,MethodCall,Pre,2.5,0.7071067811865476,342.08,236.0039592888221
participant250,MethodDeclaration,Post,0.6666666666666666,1.1547005383792517,47.27,81.87404167378084
participant250,MethodDeclaration,Pre,10.0,15.620499351813308,175.75666666666666,152.24453827094533
participant250,Parameter,Post,0.0,0.0,0.0,0.0
participant250,Parameter,Pre,0.6666666666666666,1.1547005383792517,105.64999999999999,182.99116781965188
participant250,Return,Post,1.0,,181.47,
participant250,Return,Pre,3.0,,189.06,
participant250,Summary,Post,145.0,77.73673520286275,349.3,8.686662189817216
participant250,Summary,Pre,137.0,33.645207682521445,393.09666666666664,115.22710633064311
participant250,VariableName,Post,0.0,0.0,0.0,0.0
participant250,VariableName,Pre,5.333333333333333,7.571877794400365,807.2800000000001,855.7154396760642
participant260,Argument,Post,0.3333333333333333,0.5773502691896258,116.79,202.28621381596918
participant260,Argument,Pre,33.666666666666664,35.3600527903075,1046.9166666666667,671.4739820970976
participant260,Assignment,Post,0.0,0.0,0.0,0.0
participant260,Assignment,Pre,93.0,33.94112549695428,638.325,38.5302485068551
participant260,Code,Post,14.666666666666666,11.239810200058244,411.95,57.43290607308674
participant260,Code,Pre,240.33333333333334,184.17745066466017,288.6566666666667,35.25911135200845
participant260,ConditionalBody,Post,6.666666666666667,7.371114795831994,244.14333333333335,54.85685402329716
participant260,ConditionalBody,Pre,141.33333333333334,99.08245724311308,399.5333333333333,167.87854012152155
participant260,ConditionalStatement,Post,2.3333333333333335,3.2145502536643185,361.7033333333334,367.5063183583833
participant260,ConditionalStatement,Pre,75.33333333333333,119.34962644823543,1172.1133333333335,352.55950311023145
participant260,ExceptionHandling,Post,10.0,,565.96,
participant260,ExceptionHandling,Pre,97.0,,586.86,
participant260,ExternalVarOrMethod,Post,3.0,,433.83,
participant260,ExternalVarOrMethod,Pre,14.0,,592.14,
participant260,Gemini,Post,122.66666666666667,3.5118845842842448,287.42,13.435747094970198
participant260,Gemini,Pre,0.0,0.0,0.0,0.0
participant260,IndexOperation,Post,0.0,,0.0,
participant260,IndexOperation,Pre,55.0,,330.38,
participant260,Literal,Post,1.0,1.4142135623730951,112.625,159.27580246226984
participant260,Literal,Pre,17.5,7.7781745930520225,1039.065,1175.1336885861115
participant260,LoopBody,Post,6.0,,214.12,
participant260,LoopBody,Pre,343.0,,280.31,
participant260,LoopStatement,Post,0.0,,0.0,
participant260,LoopStatement,Pre,24.0,,231.53,
participant260,MethodCall,Post,1.0,1.7320508075688772,76.01333333333334,131.65895538600225
participant260,MethodCall,Pre,56.0,84.8940516172953,1333.8766666666668,731.0457554991572
participant260,MethodDeclaration,Post,0.3333333333333333,0.5773502691896258,172.62,298.9866104025396
participant260,MethodDeclaration,Pre,4.0,2.6457513110645907,626.7733333333334,671.2517356650434
participant260,Parameter,Post,0.3333333333333333,0.5773502691896258,161.29,279.36247475278424
participant260,Parameter,Pre,1.6666666666666667,2.8867513459481287,102.33333333333333,177.2465326412151
participant260,Summary,Post,68.33333333333333,24.419937209856485,258.33,5.932882941707205
participant260,Summary,Pre,200.0,111.05404089901457,314.6933333333333,44.8301598629018
participant260,VariableName,Post,0.3333333333333333,0.5773502691896258,172.62,298.9866104025396
participant260,VariableName,Pre,33.666666666666664,39.1066916694999,1715.8500000000001,1511.0428717941793
participant270,Argument,Post,2.5,2.1213203435596424,527.915,109.67933282984536
participant270,Argument,Pre,31.5,10.606601717798213,1654.5700000000002,900.8257549604142
participant270,Assignment,Post,3.0,0.0,444.97,8.004448763031693
participant270,Assignment,Pre,46.0,14.142135623730951,947.57,276.6625992070486
participant270,Code,Post,14.0,9.643650760992955,434.9433333333333,139.3417921276073
participant270,Code,Pre,149.66666666666666,96.55223111525353,340.91,48.68179536541357
participant270,ConditionalBody,Post,19.5,26.16295090390226,441.695,389.66533390847076
participant270,ConditionalBody,Pre,273.5,294.8635277547903,719.0,322.5396871704318
participant270,ConditionalStatement,Post,7.0,5.656854249492381,477.92999999999995,54.61692777884892
participant270,ConditionalStatement,Pre,99.0,49.49747468305833,767.4649999999999,460.81441823146116
participant270,ExceptionHandling,Post,1.0,,417.27,
participant270,ExceptionHandling,Pre,25.0,,406.41,
participant270,ExternalVarOrMethod,Post,2.0,,550.54,
participant270,ExternalVarOrMethod,Pre,18.0,,677.78,
participant270,Gemini,Post,197.0,19.078784028338912,244.28,7.772438484799984
participant270,Gemini,Pre,0.0,0.0,0.0,0.0
participant270,IndexOperation,Post,1.0,1.4142135623730951,300.5,424.9711754931151
participant270,IndexOperation,Pre,23.5,31.81980515339464,520.5649999999999,500.3134030285417
participant270,Literal,Post,1.0,0.0,333.615,165.10236233924698
participant270,Literal,Pre,8.5,9.192388155425117,626.23,164.30333167650616
participant270,LoopBody,Post,22.666666666666668,28.04163571073081,520.8833333333333,266.9973880646276
participant270,LoopBody,Pre,282.0,337.30105247389906,557.8666666666667,315.7315000650606
participant270,LoopStatement,Post,0.0,,0.0,
participant270,LoopStatement,Pre,4.0,,433.82,
participant270,MethodCall,Post,1.5,0.7071067811865476,442.28499999999997,153.0956891946994
participant270,MethodCall,Pre,47.5,19.091883092036785,2296.04,835.0365400388177
participant270,MethodDeclaration,Post,1.0,1.0,208.54,212.8484632314737
participant270,MethodDeclaration,Pre,1.3333333333333333,1.5275252316519468,142.73,127.34271828416418
participant270,Parameter,Post,0.0,0.0,0.0,0.0
participant270,Parameter,Pre,0.0,0.0,0.0,0.0
participant270,Summary,Post,97.33333333333333,31.374086972106983,394.9533333333333,73.38429282437306
participant270,Summary,Pre,190.66666666666666,35.64173583501979,426.99666666666667,33.266543753947936
participant270,VariableName,Post,0.6666666666666666,0.5773502691896258,150.13,150.13
participant270,VariableName,Pre,20.333333333333332,15.88500340992514,2135.8733333333334,1751.5366103605522
participant280,Argument,Post,3.0,,709.12,
participant280,Argument,Pre,10.0,,429.05,
participant280,Assignment,Post,0.0,0.0,0.0,0.0
participant280,Assignment,Pre,7.0,9.899494936611665,307.465,434.82117295504366
participant280,Code,Post,29.666666666666668,18.876793513023692,291.76666666666665,65.56752727786318
participant280,Code,Pre,83.66666666666667,43.154760262725745,472.8033333333333,87.99471934913669
participant280,ConditionalBody,Post,11.0,11.789826122551595,258.54,124.71644117757688
participant280,ConditionalBody,Pre,41.0,41.50903516103452,470.7,459.775100565483
participant280,ConditionalStatement,Post,5.666666666666667,6.027713773341708,1000.5966666666667,926.8552261455579
participant280,ConditionalStatement,Pre,46.333333333333336,45.00370355130046,1654.6333333333332,1230.9450451313144
participant280,Gemini,Post,264.0,106.85972113008718,290.17,22.87019676347368
participant280,Gemini,Pre,0.0,0.0,0.0,0.0
participant280,IndexOperation,Post,2.5,3.5355339059327378,280.835,397.1606657890481
participant280,IndexOperation,Pre,9.0,12.727922061357855,1650.98,2334.8383072067327
participant280,Literal,Post,1.0,0.0,241.93,11.752114703320423
participant280,Literal,Pre,5.0,2.8284271247461903,659.6600000000001,494.6636198468612
participant280,LoopBody,Post,11.5,13.435028842544403,297.395,137.22821302487327
participant280,LoopBody,Pre,31.0,39.59797974644666,678.455,405.16511455207996
participant280,LoopStatement,Post,2.0,2.8284271247461903,456.745,645.9349735460993
participant280,LoopStatement,Pre,15.5,19.091883092036785,532.2950000000001,139.37781763968042
participant280,MethodCall,Post,2.0,,1509.86,
participant280,MethodCall,Pre,11.0,,943.36,
participant280,MethodDeclaration,Post,6.0,7.0,354.4533333333334,154.62595200461448
participant280,MethodDeclaration,Pre,21.666666666666668,14.224392195567912,510.28,46.55650437908758
participant280,Parameter,Post,2.0,1.7320508075688772,126.00999999999999,120.04328510999689
participant280,Parameter,Pre,2.6666666666666665,2.3094010767585034,344.1133333333333,410.6847282689403
participant280,Return,Post,7.0,,510.59,
participant280,Return,Pre,26.0,,1572.57,
participant280,Summary,Post,160.33333333333334,116.14358929072812,437.05999999999995,60.824985819973676
participant280,Summary,Pre,111.0,32.69556544854363,637.5266666666666,48.78471106128772
participant280,VariableName,Post,3.0,3.605551275463989,889.8100000000001,815.521717246083
participant280,VariableName,Pre,26.333333333333332,25.501633934580216,4150.743333333335,4893.8525091622205
participant300,Argument,Post,4.0,2.0,595.3433333333334,294.3739173794671
participant300,Argument,Pre,17.333333333333332,13.279056191361391,957.0566666666667,1027.7495267006125
participant300,Assignment,Post,10.0,,522.79,
participant300,Assignment,Pre,76.0,,1077.87,
participant300,Code,Post,56.333333333333336,40.42688874169435,314.29,75.23042403177057
participant300,Code,Pre,167.33333333333334,105.43402360402136,323.94,17.550034188000858
participant300,ConditionalBody,Post,12.333333333333334,7.767453465154029,370.25666666666666,207.04114430067594
participant300,ConditionalBody,Pre,44.0,26.851443164195103,492.95666666666665,224.54955896935832
participant300,ConditionalStatement,Post,14.333333333333334,1.1547005383792515,526.2733333333333,261.22064109356546
participant300,ConditionalStatement,Pre,37.0,6.082762530298219,615.8366666666667,239.50266393786387
participant300,ExceptionHandling,Post,10.0,,278.64,
participant300,ExceptionHandling,Pre,27.0,,389.3,
participant300,ExternalVarOrMethod,Post,2.3333333333333335,2.0816659994661326,229.38000000000002,199.5346503743147
participant300,ExternalVarOrMethod,Pre,9.666666666666666,6.506407098647712,610.7866666666666,423.20946236270913
participant300,Gemini,Post,169.33333333333334,114.91010979601984,247.30999999999997,22.204542328091335
participant300,Gemini,Pre,0.0,0.0,0.0,0.0
participant300,Literal,Post,3.5,4.949747468305833,317.025,448.34105461133043
participant300,Literal,Pre,14.0,18.384776310850235,645.03,699.9225762896923
participant300,LoopBody,Post,29.666666666666668,20.305992547357377,288.08,39.33580048759653
participant300,LoopBody,Pre,93.33333333333333,76.00219295081776,345.8966666666667,12.60814154954382
participant300,LoopStatement,Post,9.333333333333334,11.372481406154654,373.3033333333333,419.92601018909664
participant300,LoopStatement,Pre,28.666666666666668,29.938826518975876,687.2400000000001,470.3103017157928
participant300,MethodCall,Post,6.0,1.0,562.35,59.98077775421059
participant300,MethodCall,Pre,31.666666666666668,10.263202878893768,2127.2866666666664,1642.7144580033785
participant300,MethodDeclaration,Post,9.0,10.583005244258363,427.27666666666664,135.9986063654085
participant300,MethodDeclaration,Pre,15.0,11.135528725660043,294.21666666666664,67.19576946008829
participant300,Parameter,Post,0.5,0.7071067811865476,266.935,377.5030972720621
participant300,Parameter,Pre,0.0,0.0,0.0,0.0
participant300,Summary,Post,92.0,35.59494346111537,251.67,49.88537260560456
participant300,Summary,Pre,146.33333333333334,25.423086620891127,287.62,41.391927957030475
participant300,VariableName,Post,4.0,3.605551275463989,638.1433333333333,634.0259106955593
participant300,VariableName,Pre,28.666666666666668,19.008769905844336,3298.4500000000003,3680.892608919744
participant320,Argument,Post,0.5,0.7071067811865476,50.03,70.75310452552594
participant320,Argument,Pre,22.0,17.320508075688775,1238.4333333333334,920.7524358009232
participant320,Assignment,Post,0.0,0.0,0.0,0.0
participant320,Assignment,Pre,12.0,1.7320508075688772,393.4866666666667,61.83998733290082
participant320,Code,Post,10.0,0.0,261.12,41.30917815691809
participant320,Code,Pre,178.33333333333334,106.80979980008077,376.2166666666667,56.3378392675237
participant320,ConditionalBody,Post,0.0,,0.0,
participant320,ConditionalBody,Pre,20.0,,1092.27,
participant320,ConditionalStatement,Post,0.0,0.0,0.0,0.0
participant320,ConditionalStatement,Pre,34.0,15.588457268119896,1083.04,374.3481410398615
participant320,ExceptionHandling,Post,3.0,,172.41,
participant320,ExceptionHandling,Pre,36.0,,1822.5,
participant320,ExternalVarOrMethod,Post,0.5,0.7071067811865476,91.78,129.79652075460265
participant320,ExternalVarOrMethod,Pre,16.0,8.660254037844387,1959.4133333333336,2174.682164945796
participant320,Gemini,Post,110.0,38.18376618407357,316.945,26.961981566643054
participant320,Gemini,Pre,45.666666666666664,79.09698687897874,99.29333333333334,171.9810981862057
participant320,IndexOperation,Post,0.0,,0.0,
participant320,IndexOperation,Pre,9.0,0.0,418.69,0.0
participant320,Literal,Post,0.0,0.0,0.0,0.0
participant320,Literal,Pre,8.666666666666666,5.773502691896258,633.61,317.5195540435266
participant320,LoopBody,Post,6.0,,197.42,
participant320,LoopBody,Pre,54.0,,446.05,
participant320,LoopStatement,Post,0.5,0.7071067811865476,300.485,424.9499622896795
participant320,LoopStatement,Pre,46.0,39.83716857408418,623.7466666666667,540.1804588591976
participant320,MethodCall,Post,0.5,0.7071067811865476,300.485,424.9499622896795
participant320,MethodCall,Pre,58.0,46.76537180435969,1670.1633333333332,1059.7841541244773
participant320,MethodDeclaration,Post,0.5,0.7071067811865476,183.535,259.557686170146
participant320,MethodDeclaration,Pre,1.3333333333333333,1.1547005383792517,221.98000000000002,192.2403191320697
participant320,Parameter,Post,1.0,1.4142135623730951,95.945,135.6867202418866
participant320,Parameter,Pre,1.3333333333333333,1.1547005383792517,232.76,201.57607298486593
participant320,Summary,Post,79.5,13.435028842544403,345.62,52.3117596721808
participant320,Summary,Pre,201.66666666666666,116.62475437630441,349.36999999999995,18.030648906792027
participant320,VariableName,Post,0.5,0.7071067811865476,300.485,424.9499622896795
participant320,VariableName,Pre,69.66666666666667,40.414518843273804,4095.146666666667,264.8363419799732
participant330_,Argument,Post,1.0,1.4142135623730951,283.25,400.57599154217917
participant330_,Argument,Pre,13.5,17.67766952966369,715.325,799.2640079785903
participant330_,Code,Post,7.333333333333333,7.767453465154029,393.90333333333336,207.39481872345158
participant330_,Code,Pre,107.33333333333333,68.23733093647006,278.34666666666664,15.384155268760566
participant330_,ConditionalBody,Post,7.5,4.949747468305833,303.245,137.14336021113093
participant330_,ConditionalBody,Pre,132.5,40.30508652763321,293.85,35.963450891147794
participant330_,ConditionalStatement,Post,2.0,2.0,389.3066666666667,562.6579530525926
participant330_,ConditionalStatement,Pre,63.333333333333336,77.18376340483361,666.34,513.6143488065729
participant330_,ExceptionHandling,Post,2.0,,250.3,
participant330_,ExceptionHandling,Pre,48.0,,872.92,
participant330_,ExternalVarOrMethod,Post,0.0,,0.0,
participant330_,ExternalVarOrMethod,Pre,17.0,,1231.81,
participant330_,Gemini,Post,149.0,83.28865468957942,275.5733333333333,12.882407901216816
participant330_,Gemini,Pre,96.66666666666667,117.88695149732786,178.92666666666665,154.99103081576473
participant330_,IndexOperation,Post,1.5,2.1213203435596424,616.93,872.4707730348334
participant330_,IndexOperation,Pre,26.0,33.94112549695428,1358.595,1673.6439693226275
participant330_,Literal,Post,0.5,0.7071067811865476,99.72,141.02537643984505
participant330_,Literal,Pre,38.0,50.91168824543142,1666.175,2108.627776837344
participant330_,LoopStatement,Post,0.0,,0.0,
participant330_,LoopStatement,Pre,4.0,,500.52,
participant330_,MethodCall,Post,0.0,0.0,0.0,0.0
participant330_,MethodCall,Pre,22.0,28.284271247461902,679.68,571.837253945561
participant330_,MethodDeclaration,Post,0.0,0.0,0.0,0.0
participant330_,MethodDeclaration,Pre,1.0,1.0,247.48666666666668,302.0000914459023
participant330_,Parameter,Post,0.0,0.0,0.0,0.0
participant330_,Parameter,Pre,0.0,0.0,0.0,0.0
participant330_,Return,Post,0.0,,0.0,
participant330_,Return,Pre,14.0,,309.85,
participant330_,Summary,Post,101.0,76.3347889235308,290.7266666666667,60.95141863265637
participant330_,Summary,Pre,171.0,63.17436188834834,337.0733333333333,52.97593447343176
participant330_,VariableName,Post,0.3333333333333333,0.5773502691896258,222.45333333333335,385.30047564638863
participant330_,VariableName,Pre,9.666666666666666,10.785793124908958,1728.8633333333335,1842.8198213697763
participant340,Argument,Post,0.6666666666666666,1.1547005383792517,147.38666666666668,255.28119502488494
participant340,Argument,Pre,30.0,31.74901573277509,904.6766666666666,626.5067629589751
participant340,Assignment,Post,0.0,0.0,0.0,0.0
participant340,Assignment,Pre,185.0,38.18376618407357,677.575,63.887097680204505
participant340,Code,Post,5.333333333333333,5.507570547286102,147.33333333333334,136.14563317761363
participant340,Code,Pre,423.3333333333333,158.76502553564288,294.6933333333333,22.316156329738636
participant340,ConditionalBody,Post,2.5,3.5355339059327378,312.84000000000003,442.4225708527991
participant340,ConditionalBody,Pre,312.5,136.47160876900367,475.25,204.41042830540715
participant340,ConditionalStatement,Post,2.6666666666666665,3.0550504633038935,374.46666666666664,485.63026443306984
participant340,ConditionalStatement,Pre,211.33333333333334,63.9557138442949,802.9200000000001,201.168085938103
participant340,ExceptionHandling,Post,0.0,,0.0,
participant340,ExceptionHandling,Pre,288.0,,692.87,
participant340,ExternalVarOrMethod,Post,0.0,,0.0,
participant340,ExternalVarOrMethod,Pre,104.0,,1007.14,
participant340,Gemini,Post,165.66666666666666,58.44940832321002,272.43666666666667,35.20836595659237
participant340,Gemini,Pre,0.0,0.0,0.0,0.0
participant340,IndexOperation,Post,0.0,,0.0,
participant340,IndexOperation,Pre,62.0,,301.83,
participant340,Literal,Post,0.0,0.0,0.0,0.0
participant340,Literal,Pre,49.0,23.430749027719962,868.5500000000001,112.46660882235224
participant340,LoopBody,Post,7.0,,260.99,
participant340,LoopBody,Pre,400.0,,287.53,
participant340,LoopStatement,Post,0.0,,0.0,
participant340,LoopStatement,Pre,87.0,,296.0,
participant340,MethodCall,Post,1.0,1.0,228.01666666666665,275.3147366802826
participant340,MethodCall,Pre,69.66666666666667,79.00210967647214,1057.7166666666665,1071.3389356470402
participant340,MethodDeclaration,Post,0.3333333333333333,0.5773502691896258,33.35,57.763894432422056
participant340,MethodDeclaration,Pre,35.666666666666664,4.725815626252608,366.30333333333334,53.27274193556525
participant340,Parameter,Post,0.0,0.0,0.0,0.0
participant340,Parameter,Pre,12.0,6.0,270.17,14.904871686800949
participant340,Summary,Post,153.66666666666666,35.444792753426185,297.81333333333333,23.082894821346226
participant340,Summary,Pre,350.3333333333333,36.00462933198082,380.74,21.524801973537397
participant340,VariableName,Post,0.6666666666666666,1.1547005383792517,172.40666666666667,298.61710623025823
participant340,VariableName,Pre,84.33333333333333,60.96173663318109,2321.4866666666667,1002.3483928421958
participant350,Argument,Post,1.6666666666666667,2.886751345948129,241.21666666666667,417.7995222990727
participant350,Argument,Pre,16.333333333333332,8.386497083606082,967.1933333333333,555.8795177314356
participant350,Assignment,Post,2.0,2.8284271247461903,89.67,126.81253013799544
participant350,Assignment,Pre,37.0,29.698484809834994,353.065,19.04238561735369
participant350,Code,Post,11.0,10.14889156509222,304.07,56.40133065806159
participant350,Code,Pre,240.66666666666666,143.30852498484984,307.1766666666667,27.503180422149953
participant350,ConditionalBody,Post,5.0,4.242640687119285,321.17499999999995,29.493423843290902
participant350,ConditionalBody,Pre,120.5,12.020815280171307,359.875,17.684740597475546
participant350,ConditionalStatement,Post,0.5,0.7071067811865476,216.91,306.75706381434804
participant350,ConditionalStatement,Pre,71.0,42.42640687119285,739.2099999999999,155.0402328429624
participant350,ExceptionHandling,Post,1.0,,467.13,
participant350,ExceptionHandling,Pre,74.0,,409.28,
participant350,ExternalVarOrMethod,Post,0.0,0.0,0.0,0.0
participant350,ExternalVarOrMethod,Pre,27.0,14.142135623730951,1603.495,319.77489965599233
participant350,Gemini,Post,235.33333333333334,63.13741627064996,279.7133333333333,37.86083112311898
participant350,Gemini,Pre,0.0,0.0,0.0,0.0
participant350,IndexOperation,Post,0.0,,0.0,
participant350,IndexOperation,Pre,65.0,,705.35,
participant350,Literal,Post,0.0,0.0,0.0,0.0
participant350,Literal,Pre,14.5,14.849242404917497,845.66,706.3148215916185
participant350,LoopBody,Post,10.0,11.313708498984761,294.99,66.52460597403037
participant350,LoopBody,Pre,207.5,170.41273426595797,354.28499999999997,58.541370414434304
participant350,LoopStatement,Post,3.5,4.949747468305833,351.78,497.49204697160735
participant350,LoopStatement,Pre,104.5,116.67261889578035,708.375,489.65023276824854
participant350,MethodCall,Post,0.3333333333333333,0.5773502691896258,69.5,120.37753112603697
participant350,MethodCall,Pre,45.333333333333336,27.537852736430512,1793.9333333333334,684.3272106480448
participant350,MethodDeclaration,Post,0.3333333333333333,0.5773502691896258,177.97333333333333,308.25885572572497
participant350,MethodDeclaration,Pre,18.666666666666668,8.082903768654761,369.26,95.94233476416967
participant350,Parameter,Post,0.0,0.0,0.0,0.0
participant350,Parameter,Pre,5.666666666666667,5.507570547286102,525.9533333333334,233.76981292145766
participant350,Return,Post,1.0,,333.7,
participant350,Return,Pre,55.0,,336.4,
participant350,Summary,Post,114.66666666666667,47.51140214025822,269.51666666666665,41.79295435038463
participant350,Summary,Pre,317.3333333333333,148.99776284673985,418.69,94.68346159704977
participant350,VariableName,Post,1.0,1.7320508075688772,130.67,226.3270790250252
participant350,VariableName,Pre,57.0,74.48489779814429,3555.476666666667,2341.267140702515
participant360,Argument,Post,1.6666666666666667,0.5773502691896258,257.23333333333335,130.72062665598466
participant360,Argument,Pre,13.0,2.0,697.67,516.0208124678694
participant360,Assignment,Post,0.5,0.7071067811865476,183.535,259.557686170146
participant360,Assignment,Pre,36.0,16.97056274847714,297.115,30.61065255756562
participant360,Code,Post,24.333333333333332,10.066445913694333,225.53,55.555648677699736
participant360,Code,Pre,221.0,147.62452370795307,283.5,16.094157324942483
participant360,ConditionalBody,Post,15.0,9.899494936611665,289.13,62.94664566122645
participant360,ConditionalBody,Pre,100.5,24.748737341529164,302.845,5.3386561979584215
participant360,ConditionalStatement,Post,3.3333333333333335,4.163331998932265,347.17666666666673,473.9662692991279
participant360,ConditionalStatement,Pre,34.666666666666664,23.115651263447745,618.2033333333334,211.1124291303886
participant360,ExceptionHandling,Post,5.0,,333.61,
participant360,ExceptionHandling,Pre,77.0,,321.56,
participant360,ExternalVarOrMethod,Post,2.0,2.8284271247461903,642.34,908.4059396547339
participant360,ExternalVarOrMethod,Pre,14.5,7.7781745930520225,960.33,396.58790929628697
participant360,Gemini,Post,427.6666666666667,47.08856903042747,206.36666666666665,9.880011808360003
participant360,Gemini,Pre,0.0,0.0,0.0,0.0
participant360,IndexOperation,Post,0.0,,0.0,
participant360,IndexOperation,Pre,40.0,,607.19,
participant360,Literal,Post,1.0,1.4142135623730951,77.185,109.15607381176734
participant360,Literal,Pre,6.5,6.363961030678928,720.425,558.748707425798
participant360,LoopBody,Post,32.0,,230.23,
participant360,LoopBody,Pre,289.0,,272.92,
participant360,LoopStatement,Post,4.5,4.949747468305833,532.26,516.7253514198815
participant360,LoopStatement,Pre,88.0,84.8528137423857,584.01,421.01137751847034
participant360,MethodCall,Post,3.3333333333333335,4.932882862316247,398.58666666666664,592.0913964358318
participant360,MethodCall,Pre,31.666666666666668,21.594752448994022,1399.3966666666665,588.0310363691132
participant360,MethodDeclaration,Post,1.3333333333333333,2.3094010767585034,76.47,132.44992525479205
participant360,MethodDeclaration,Pre,29.666666666666668,6.506407098647712,330.23333333333335,35.778800054408364
participant360,Parameter,Post,0.0,0.0,0.0,0.0
participant360,Parameter,Pre,7.666666666666667,12.42309676905615,240.65333333333334,220.75427183484655
participant360,Return,Post,3.0,,130.72,
participant360,Return,Pre,26.0,,317.34,
participant360,Summary,Post,167.33333333333334,75.18200139217718,306.20666666666665,52.60617580981659
participant360,Summary,Pre,151.33333333333334,15.534906930308056,301.56333333333333,52.48451708202461
participant360,VariableName,Post,3.0,4.358898943540674,800.9133333333334,1287.3792479814692
participant360,VariableName,Pre,47.333333333333336,65.28654787422393,2135.7000000000003,1910.028575100383
ALL,Argument,Post,3.032258064516129,6.9281269011573725,403.86209677419356,827.6487904905375
ALL,Argument,Pre,17.338709677419356,20.38558116952394,882.3593548387097,882.2816641589307
ALL,Assignment,Post,8.114285714285714,26.35143865764697,457.11257142857147,802.3604549421401
ALL,Assignment,Pre,50.17142857142857,50.013225141712574,710.6651428571428,757.5947770581014
ALL,Code,Post,33.05797101449275,47.160515656628974,301.713768115942,129.28044968550589
ALL,Code,Pre,187.6086956521739,128.3695512494281,315.07971014492756,74.49774773482622
ALL,ConditionalBody,Post,18.854545454545455,33.4129151021412,415.5254545454546,364.98196793519145
ALL,ConditionalBody,Pre,106.68518518518519,105.19610152653071,540.0307407407407,373.71901671716506
ALL,ConditionalStatement,Post,11.9375,39.59632618841106,530.25921875,577.1217294011714
ALL,ConditionalStatement,Pre,61.723076923076924,64.91761791212473,848.6166153846154,600.0421585951193
ALL,ExceptionHandling,Post,9.625,16.578699010162563,396.9558333333334,333.0201284805296
ALL,ExceptionHandling,Pre,66.25,62.08496982572247,507.00500000000005,395.21678621276675
ALL,ExternalVarOrMethod,Post,2.3529411764705883,4.644203640128239,241.35470588235293,373.0539698239733
ALL,ExternalVarOrMethod,Pre,12.264705882352942,18.38693347565456,752.394705882353,818.7505727714315
ALL,Gemini,Post,214.44927536231884,121.77577468830886,273.0159420289855,56.91294612152742
ALL,Gemini,Pre,24.507246376811594,79.46801487324498,46.15521739130435,127.2493325835808
ALL,IndexOperation,Post,1.9583333333333333,4.964913122990229,169.10458333333332,292.2418152084683
ALL,IndexOperation,Pre,21.2,22.834549845938863,660.0292,796.8363282220091
ALL,Literal,Post,1.2954545454545454,2.4644405512091327,231.255,636.7946181170116
ALL,Literal,Pre,13.954545454545455,16.78586690330768,759.3081818181818,660.4818520622607
ALL,LoopBody,Post,27.047619047619047,34.954990139552514,368.44214285714287,218.24740398015427
ALL,LoopBody,Pre,166.1627906976744,155.35534233500493,438.13441860465116,233.77402402953894
ALL,LoopStatement,Post,8.565217391304348,33.49736452247685,340.65152173913043,353.0152790459006
ALL,LoopStatement,Pre,41.108695652173914,50.23775838102013,512.2613043478261,330.92905504626884
ALL,MethodCall,Post,8.85483870967742,41.18086726456941,536.9175806451613,740.22772804689
ALL,MethodCall,Pre,37.58064516129032,48.93841844172064,1371.7383870967742,1105.1708613843803
ALL,MethodDeclaration,Post,2.656716417910448,6.5030348132236755,208.56477611940298,226.76578354313943
ALL,MethodDeclaration,Pre,16.86764705882353,17.298869268340216,325.4561764705882,210.22931004755944
ALL,Operator,Post,0.0,0.0,0.0,0.0
ALL,Operator,Pre,1.0,1.7320508075688772,179.71333333333334,311.2726241308948
ALL,Parameter,Post,0.48484848484848486,0.932200444645715,78.39545454545456,140.15268827720956
ALL,Parameter,Pre,5.454545454545454,8.561419397383945,324.60924242424244,430.00211710502293
ALL,Return,Post,4.5625,7.10838706505679,326.72875,310.7930670800107
ALL,Return,Pre,22.0,20.458087235451252,375.41875,347.25672339783426
ALL,Summary,Post,133.28985507246378,101.77514163286855,329.4352173913043,106.77999255765948
ALL,Summary,Pre,201.04347826086956,124.13221542118244,364.79246376811597,97.0036356566355
ALL,VariableName,Post,3.3043478260869565,6.245714643389467,651.7678260869566,1061.091024100236
ALL,VariableName,Pre,31.17391304347826,37.67506451133832,2244.100289855073,2132.624733743934
